i,domain,creator,video_id,video_title,clean_text,human-sentiment,vader_sentiment
UgzMaeBwm_rZyOSdfvl4AaABAg,cats,Abram Engle,D1sPbbd0Y14,This is Not an Ordinary Cat Stroller...,"It was an interesting concept but needs some more work. My cats are a lot bigger than Kurt and Gary. It looked like it would be kind of tight quarters for bigger cats. I like that it is fully enclosed though because my cats are indoors except for a few stroller rides, and they take preventative long term flea treatment and we still got fleas! I think it might have been from the stroller rides 🤷🏻‍♀️ But, if it is fully enclosed that AC working is critical too 🤔",negative,positive
Ugz273Lz_dTXvrFlCmJ4AaABAg,cats,Abram Engle,eVp8utdVS30,"I finally tried cat ""talking buttons""",Subscribe for more!,positive,neutral
UgwFX-lGZ8Nx66T9Whx4AaABAg,cats,Abram Engle,eVp8utdVS30,"I finally tried cat ""talking buttons""",Put the treat on the bottom.,neutral,positive
UgyULFAK-KHtbamrzK94AaABAg,cats,Abram Engle,eVp8utdVS30,"I finally tried cat ""talking buttons""",What I've learned about my cats is that you never give them treats straight away. You touch the button and say good boy then give them a pet then a treat. This seems to work for my cats.,neutral,positive
UgzgceqvYGrChv8l-5R4AaABAg,cats,Abram Engle,D1sPbbd0Y14,This is Not an Ordinary Cat Stroller...,no.1. 1000/1000,positive,neutral
UgyXxuzkvz1AjIpUjVp4AaABAg,cats,Abram Engle,D1sPbbd0Y14,This is Not an Ordinary Cat Stroller...,I really wish I could afford to get some type of cat carrier that snapped on to a frame like this For when I had to take my cats to the vet. It doesn't have to be fancy like that and need AC and special bubble. Because I'm disabled and I have trouble carrying the cat carrier. Something that I could take the cats out of the car and then just sit the cat carrier on a stroller like this and then push the carrier into the vet would be amazing.,neutral,positive
UgxG-lEpDmJdevQbYVB4AaABAg,cats,Abram Engle,hVhi6uL-l00,I don't know what I was thinking,Why would a $5000 cat couch be a scam??,neutral,negative
Ugx_-wwHfCYNhDEwUbV4AaABAg,cats,Abram Engle,eVp8utdVS30,"I finally tried cat ""talking buttons""","Cats can understand between 20 and 50 words. If you've never associated the word treat with a treat, you're now trying to teach them two things, what the word means and to press the button. Get them used to the words first.",neutral,positive
UgxNod1CnPUNBfgj1r14AaABAg,cats,Abram Engle,hVhi6uL-l00,I don't know what I was thinking,"seems tough to keep clean, also considering that people getting this are probably cat owners",negative,positive
UgwW17fpx_4L494rzTJ4AaABAg,cats,Abram Engle,hVhi6uL-l00,I don't know what I was thinking,Cats choose all of the above,positive,neutral
Ugx05saEn-tW0jPBqDN4AaABAg,cats,Abram Engle,_fC1khz15OA,my cats tried whatever my subscribers suggested,We had a Siamese cat that liked sherry. We found this out at a party when a couple of visitors put the sherry glasses on the floor only to find them empty when they wanted another sip. Then we caught the cat with her head in a third glass. I do NOT suggest you try this with your cats.,neutral,positive
Ugy8pADeVUTnnAG4_sN4AaABAg,cats,Abram Engle,eVp8utdVS30,"I finally tried cat ""talking buttons""",I think you should do a video on cat puzzles . A lot of cats like to forage the puzzles really satisfy that instinct lol,neutral,positive
UgyQEL1XeQCPxeX0FiF4AaABAg,cats,Abram Engle,_fC1khz15OA,my cats tried whatever my subscribers suggested,One of our cats eats trash. 😂😂,neutral,positive
UgwR4GW0Ij-ia53L0K54AaABAg,cats,Abram Engle,D1sPbbd0Y14,This is Not an Ordinary Cat Stroller...,"The fact that you think there are ""ordinary"" cat strollers is the weirdest thing of all.",neutral,negative
UgzvR5ircukSW1Xkac94AaABAg,cats,Abram Engle,D1sPbbd0Y14,This is Not an Ordinary Cat Stroller...,They dont sell in Canada if anyone can tell me where i could find this please DM me ❤,neutral,positive
Ugxqc7Bnnb__LQ6HjrR4AaABAg,technology,Mrwhosetheboss,Eo5w2S-h5dI,The Gaming Market is Starting to Break.,RIP Gaming 2026 ⚰️,negative,neutral
Ugzc0vPcGL-YlW_CVdZ4AaABAg,technology,Mrwhosetheboss,Eo5w2S-h5dI,The Gaming Market is Starting to Break.,"I have ps4 pro for like 10 years. Still works. I will play everything on it, ill just go buy cheap used games. Fuck this shit.",positive,negative
UgxCClowl7fkS4Epszh4AaABAg,technology,Mrwhosetheboss,VTLnDqjfRZQ,"I spent $12,000 on the THINNEST Tech",🤍🔥,positive,negative
UgzLu7gIdB8_46GKJ3l4AaABAg,technology,Mrwhosetheboss,Eo5w2S-h5dI,The Gaming Market is Starting to Break.,It looks to me as though it's moving towards cloud computing and we won't have powerful home computers at home just a modestly powered tablet or laptop that streams everything from the data centres.,neutral,negative
UgyxA8vebw2VmqgCnd94AaABAg,technology,Mrwhosetheboss,PjAyUhf52D0,iPhone 18 Pro Review - My Last iPhone?,Apple and Oranges….. Yawn …. Make it more expensive so almost intelligent niche people buy it thinking that a phone upgrade makes them stand above others ….. what a sad bubble 😓😓…. Good marketing trap 😄😄….,negative,positive
UgxzoGiJfW2VPrqPakl4AaABAg,technology,Mrwhosetheboss,n3F996g8wjg,The Honor Robot Phone is absolutely insane.,iphone will copy it in 1 year,negative,neutral
UgyqNz4Vp5neLTfdF3F4AaABAg,technology,Mrwhosetheboss,Eo5w2S-h5dI,The Gaming Market is Starting to Break.,"""Brother, the videogaming market is about to skyrocket! What shall we do?"" ""My good fellow, we play 20 year old games."" ""Splendid"" ""Splendid""",negative,positive
Ugyyqqm8pSrPwMyakiV4AaABAg,technology,Mrwhosetheboss,Eo5w2S-h5dI,The Gaming Market is Starting to Break.,EVERYTHING...is starting to break!!,negative,neutral
UgzbUmL8lg0KO6ynTHx4AaABAg,technology,Mrwhosetheboss,DNRYkBMaf3Y,I Tested YouTubers' Favourite Products,4:25 what do you look forward to jesse?✌✌😭😭,negative,positive
UgzBYvklmxsZ93lLNV94AaABAg,technology,Mrwhosetheboss,PjAyUhf52D0,iPhone 18 Pro Review - My Last iPhone?,Just replaced my battery in my 13 pro max and I love it still. I also love my SE3. They both have 100% battery health. Standby is great for both…I miss my pixel 3a and even further my Samsung galaxy nexus with the replaceable battery and custom roms.,neutral,positive
UgwrD1YK9YEbyvglcE54AaABAg,technology,Mrwhosetheboss,PjAyUhf52D0,iPhone 18 Pro Review - My Last iPhone?,Funny that they didnt even pay him for this,negative,positive
Ugw10z8TdI-3UlrgE7N4AaABAg,technology,Mrwhosetheboss,DNRYkBMaf3Y,I Tested YouTubers' Favourite Products,Ok There's a man whose favorite product is a pen because he uses that pen daily more than a normal person. Products usability depends on person to person,neutral,positive
UgxoMkQq6CYTZTAAv3l4AaABAg,technology,Mrwhosetheboss,Eo5w2S-h5dI,The Gaming Market is Starting to Break.,"You all talking too much shit, the day GTA6 comes out all of you will be waiting in line to pay whatever the Playstation cost at the moment. Be consequential, they charge what they want because all of you pay it. 😊",negative,positive
UgxRKSoqY9C1jRXkz614AaABAg,technology,Mrwhosetheboss,DNRYkBMaf3Y,I Tested YouTubers' Favourite Products,"I think this is android wide but i use samsung so i can only speak for that. I have a work setting that disables social media and other distracting apps at set times and just isolates what i actually need and some extra comms, obviously you can customize it but... i dont see the point in a ""Brick"" when my phone already does it when i tell it to.",neutral,negative
UgwIkC2Kr8iSbPBX2XJ4AaABAg,technology,Mrwhosetheboss,DNRYkBMaf3Y,I Tested YouTubers' Favourite Products,"7:38 Actually, you can go very wrong with Ninja, just like I did. Check out their problem with food processor bowls; these things just fall apart after some time. The problem is not new (it has been around for a few years now) - Ninja knows about it and does nothing to fix it.",neutral,negative
UgwH330Y_2kjRcK96lJ4AaABAg,technology,Mrwhosetheboss,n3F996g8wjg,The Honor Robot Phone is absolutely insane.,"0:46 Stabilises is spelled wrong, it should be spelled Stabilizes",neutral,negative
UgzKyRmPZru2cTTbzhZ4AaABAg,technology,Mrwhosetheboss,n3F996g8wjg,The Honor Robot Phone is absolutely insane.,"I don't get all these ""innovation"" comments. Sure it's cool, and sure it might have a use for some, but it's quite literally a gimmick for most people, a gimmick that even if you enjoyed it it would break easily.",negative,positive
UgyzvD_eV0nDlFrqUnR4AaABAg,technology,Mrwhosetheboss,Eo5w2S-h5dI,The Gaming Market is Starting to Break.,What about hardware... My pc is 15 years old. I just pray it will hold till 2029.,neutral,positive
UgwjEXwt6jyy4pHAshp4AaABAg,technology,Mrwhosetheboss,PjAyUhf52D0,iPhone 18 Pro Review - My Last iPhone?,"The battery test should be performed in standby mode, not while playing games. In terms of GPU, Apple is more efficient, but not in standby mode, I think.",neutral,positive
UgwdlL7naHCi4k8WKZl4AaABAg,technology,Mrwhosetheboss,VTLnDqjfRZQ,"I spent $12,000 on the THINNEST Tech",Moft laptop stand and similar ones have been around for years but they have one major flaw - the stand blocks Windows notebook ventilation on the base of the notebook. The stand is more for MacBooks such as MacBook Air which does not have vents on the base plate.,neutral,negative
UgzEMUv65dz_7H-nDJx4AaABAg,travel,Ryan Trahan,1w3XaMSIeR8,How Many Countries Can I Visit in 7 Days?,stefan🐐🐐🐐🐐🐐🐐,positive,neutral
Ugwj6oyrlOMaoAdzscF4AaABAg,travel,Ryan Trahan,31VHogI00T0,I Took the Longest Train Ride in America,You should make a joyride flavor that looks like a asteroid and taste sour,neutral,positive
UgzsNe5KNkHMdB3TaIN4AaABAg,travel,Ryan Trahan,ch2BW0eQqwQ,I Visited the Top 10 Places in America - Grand Canyon,kjhg,positive,neutral
UgwFN4A5iL7eMluFeHN4AaABAg,travel,Ryan Trahan,iDBjauJYQ-A,I Visited the Top 10 Places in America - Los Angeles,My son and I now say “HOT DAWGz!”,positive,neutral
UgzkZCNcUNakeB27aAp4AaABAg,travel,Ryan Trahan,3x3BSLl94Yk,"I Tried the ""Top 10 Things To Do"" in America",""" what does mickey have to do with this "" 😂😂😂",neutral,positive
UgzR2PMjAGk0EfFOQUd4AaABAg,travel,Ryan Trahan,31VHogI00T0,I Took the Longest Train Ride in America,woouw,positive,neutral
UgzP3PFQ9eDEppvWzUp4AaABAg,travel,Ryan Trahan,ch2BW0eQqwQ,I Visited the Top 10 Places in America - Grand Canyon,I went to almost all the places like 2 days after 😭😭😭,positive,negative
Ugy-G5SJC2uZLfD0qPh4AaABAg,travel,Ryan Trahan,ch2BW0eQqwQ,I Visited the Top 10 Places in America - Grand Canyon,ryan eats veggies like he's facing war 😭,neutral,negative
UgyZ1lln1nAlWE4uACh4AaABAg,travel,Ryan Trahan,31VHogI00T0,I Took the Longest Train Ride in America,Bhai please 🥺 indian ki train try karo please 🥺🥺,neutral,positive
Ugyo2hsNVmG6Cteev7p4AaABAg,travel,Ryan Trahan,31VHogI00T0,I Took the Longest Train Ride in America,What jacket is does he have,positive,neutral
UgxoPiRvoEGhO0rlgY14AaABAg,travel,Ryan Trahan,1w3XaMSIeR8,How Many Countries Can I Visit in 7 Days?,"Bhai come to india, Kolkata, let us taste joyride 😭",positive,negative
UgzWCXc1QWY50P21zk94AaABAg,travel,Ryan Trahan,3x3BSLl94Yk,"I Tried the ""Top 10 Things To Do"" in America","Ik im 2 months late but if your a hamliton nerd you might agree with me Lafayette, Hamilton, John and Hercules along with all the soldiers memorial isnt in a cemetery it’s with the statue of Liberty",neutral,positive
