video_title,negative,neutral,positive
Eight Sleep just COOKED,7,30,13
How Many Countries Can I Visit in 7 Days?,5,29,16
I don't know what I was thinking,6,11,33
Questions that AI can't answer,14,12,24
Surprising my old teacher,6,14,30
Xiaomi made an iPhone Duo. It’s Unhinged.,5,17,28
always that one friend lol,5,9,36
craziest thing i’ve ever seen hands down.,6,18,26
dinner,8,23,19
"finally, a cat couch for my cats",3,12,35
iPhone 18 Pro - Does variable aperture matter?,9,19,22
iPhone 18 Pro Review - My Last iPhone?,12,15,23
it was a good few days 🫡,1,16,33
surprising Yousif for his birthday 🎁,2,16,32
update,5,26,19
