term,tfidf_score
love,0.04198536413546995
couch,0.030583941601509925
cat,0.029807428373522748
like,0.028560661200663882
ryan,0.025955587411493848
joyride,0.025502321261007887
iphone,0.017484541288028465
video,0.016783910788081304
cats,0.016635506341106245
apple,0.016108922780507882
just,0.015728384920365598
cafe,0.015471202082391784
got,0.014791435735501688
want,0.014790273494310958
really,0.014647213223429392
good,0.01443336719623028
cat cafe,0.014176270877098744
best,0.013911987196954629
make,0.012827576209519267
cool,0.011969308079905058
