domain,creator,video_id
technology,Mrwhosetheboss,PjAyUhf52D0
technology,Mrwhosetheboss,VTLnDqjfRZQ
technology,Mrwhosetheboss,DNRYkBMaf3Y
technology,Mrwhosetheboss,n3F996g8wjg
technology,Mrwhosetheboss,Eo5w2S-h5dI
travel,Ryan Trahan,1w3XaMSIeR8
travel,Ryan Trahan,3x3BSLl94Yk
travel,Ryan Trahan,ch2BW0eQqwQ
travel,Ryan Trahan,iDBjauJYQ-A
travel,Ryan Trahan,31VHogI00T0
cats,Abram Engle,hVhi6uL-l00
cats,Abram Engle,SrqMV7uSg1c
cats,Abram Engle,_fC1khz15OA
cats,Abram Engle,D1sPbbd0Y14
cats,Abram Engle,eVp8utdVS30
