domain,creator,video_id,title,channel_title,channel_id,published_at,duration,views,likes,comment_count
Technology,Mrwhosetheboss,Oa3Ffr_04js,Eight Sleep just COOKED,Mrwhosetheboss,UCMiJRAwDNSNzuYeN2uWa0pA,2026-09-23T14:31:12Z,PT42S,1315829,31703,703
Technology,Mrwhosetheboss,eYBEJBfq_Zs,Xiaomi made an iPhone Duo. It’s Unhinged.,Mrwhosetheboss,UCMiJRAwDNSNzuYeN2uWa0pA,2026-09-22T10:48:08Z,PT17M18S,15729645,156170,12396
Technology,Mrwhosetheboss,dzZlf2OYRnU,Questions that AI can't answer,Mrwhosetheboss,UCMiJRAwDNSNzuYeN2uWa0pA,2026-09-20T13:02:11Z,PT54S,2850979,122676,1130
Technology,Mrwhosetheboss,PjAyUhf52D0,iPhone 18 Pro Review - My Last iPhone?,Mrwhosetheboss,UCMiJRAwDNSNzuYeN2uWa0pA,2026-09-18T15:55:28Z,PT13M34S,5208815,102428,8073
Technology,Mrwhosetheboss,3YcdmkZx7Fw,iPhone 18 Pro - Does variable aperture matter?,Mrwhosetheboss,UCMiJRAwDNSNzuYeN2uWa0pA,2026-09-16T15:07:05Z,PT18S,1840877,31082,667
Travel,Ryan Trahan,TTY6zULI8JQ,update,Ryan Trahan,UCnmGIkw-KdI0W5siakKPKog,2026-09-19T14:52:37Z,PT55S,3492470,143863,8976
Travel,Ryan Trahan,1w3XaMSIeR8,How Many Countries Can I Visit in 7 Days?,Ryan Trahan,UCnmGIkw-KdI0W5siakKPKog,2026-09-12T15:00:22Z,PT42M4S,12981625,159869,11114
Travel,Ryan Trahan,4VwbYrqJfzg,surprising Yousif for his birthday 🎁,Ryan Trahan,UCnmGIkw-KdI0W5siakKPKog,2026-09-05T16:28:02Z,PT50S,8781270,243014,4329
Travel,Ryan Trahan,_IvIVI8PIRI,Surprising my old teacher,Ryan Trahan,UCnmGIkw-KdI0W5siakKPKog,2026-08-08T17:49:18Z,PT45S,54583910,825939,9748
Travel,Ryan Trahan,mDz5MgFZUMo,dinner,Ryan Trahan,UCnmGIkw-KdI0W5siakKPKog,2026-08-07T15:00:29Z,PT35S,2695626,72699,1195
Lifestyle,Abram Engle,tBds-kR2jUs,it was a good few days 🫡,Abram Engle,UCvsTLkf9SiHt-3HPqq_2TFw,2026-09-26T19:46:21Z,PT1M4S,244759,24838,434
Lifestyle,Abram Engle,YJEefrVpsuU,always that one friend lol,Abram Engle,UCvsTLkf9SiHt-3HPqq_2TFw,2026-09-25T20:59:16Z,PT29S,220250,14355,348
Lifestyle,Abram Engle,LE19rJH2G0A,"finally, a cat couch for my cats",Abram Engle,UCvsTLkf9SiHt-3HPqq_2TFw,2026-09-24T19:53:37Z,PT1M15S,218722,17309,332
Lifestyle,Abram Engle,hVhi6uL-l00,I don't know what I was thinking,Abram Engle,UCvsTLkf9SiHt-3HPqq_2TFw,2026-09-23T18:16:39Z,PT24M26S,541090,18139,1101
Lifestyle,Abram Engle,yHbsywtbK10,craziest thing i’ve ever seen hands down.,Abram Engle,UCvsTLkf9SiHt-3HPqq_2TFw,2026-09-22T20:12:52Z,PT26S,87127,6181,125
